<?xml version="1.0" encoding="UTF-8"?>
<metadata xml:lang="en"><Esri><CreaDate>20170324</CreaDate><CreaTime>18555700</CreaTime><ArcGISFormat>1.0</ArcGISFormat><SyncOnce>TRUE</SyncOnce><DataProperties><itemProps><itemLocation><linkage Sync="TRUE">file://\\METRO-VH223BC\C$\Workspace\Tuflow_testing\RosgenC4\0_datainputs\VanillaC4_channelCopy</linkage><protocol Sync="TRUE">Local Area Network</protocol></itemLocation></itemProps><copyHistory><copy source="C:\Workspace\Tuflow_testing\RosgenC4\0_datainputs\VanillaC4_channel" dest="\\METRO-VH223BC\C$\Workspace\Tuflow_testing\RosgenC4\0_datainputs\VanillaC4_channelCopy" date="20170324" time="18555700"></copy></copyHistory></DataProperties></Esri></metadata>
